['config', 'sqlfile', 'dbtype'] ['conf/config.conf', 'sql/mysql/join_pushdown.sql', 'mysql']
Namespace(config='conf/config.conf', dbtype='mysql', sqlfile='sql/mysql/join_pushdown.sql')
Converted SQL statement by this script: drop database if exists contrib_regression
Converted SQL statement by this script: create database if not exists contrib_regression
CREATE EXTENSION IF NOT EXISTS mysql_fdw;

========
CREATE SERVER mysql_svr FOREIGN DATA WRAPPER mysql_fdw
  	OPTIONS  (host '192.168.0.136', port  '12388');

========
CREATE USER MAPPING FOR public SERVER mysql_svr
  	OPTIONS  (username 'root', password 'root');

========
CREATE SERVER mysql_svr1 FOREIGN DATA WRAPPER mysql_fdw
  	OPTIONS  (host '192.168.0.136', port  '12388');

========
CREATE USER MAPPING FOR public SERVER mysql_svr1
  	OPTIONS  (username 'root', password 'root');

========
CREATE TYPE user_enum AS ENUM ('foo', 'bar', 'buz');

========
CREATE FOREIGN TABLE fdw139_t1(c1 int, c2 int, c3 text COLLATE "C", c4 text COLLATE "C")
  SERVER mysql_svr OPTIONS(dbname 'mysql_fdw_regress', table_name 'test1');

========
CREATE FOREIGN TABLE fdw139_t2(c1 int, c2 int, c3 text COLLATE "C", c4 text COLLATE "C")
  SERVER mysql_svr OPTIONS(dbname 'mysql_fdw_regress', table_name 'test2');

========
CREATE FOREIGN TABLE fdw139_t3(c1 int, c2 int, c3 text COLLATE "C")
  SERVER mysql_svr OPTIONS(dbname 'mysql_fdw_regress', table_name 'test3');

========
CREATE FOREIGN TABLE fdw139_t4(c1 int, c2 int, c3 text COLLATE "C")
  SERVER mysql_svr1 OPTIONS(dbname 'mysql_fdw_regress', table_name 'test3');

========
mysql - dbname = mysql_fdw_regress; src_pgsql = INSERT INTO fdw139_t1 values(1, 100, 'AAA1', 'foo');
Converted SQL statement by this script: INSERT INTO `test1` values (1, 100, 'AAA1', 'foo') ;

========
mysql - dbname = mysql_fdw_regress; src_pgsql = INSERT INTO fdw139_t1 values(2, 100, 'AAA2', 'bar');
Converted SQL statement by this script: INSERT INTO `test1` values (2, 100, 'AAA2', 'bar') ;

========
mysql - dbname = mysql_fdw_regress; src_pgsql = INSERT INTO fdw139_t1 values(11, 100, 'AAA11', 'foo');
Converted SQL statement by this script: INSERT INTO `test1` values (11, 100, 'AAA11', 'foo') ;

========
mysql - dbname = mysql_fdw_regress; src_pgsql = INSERT INTO fdw139_t2 values(1, 200, 'BBB1', 'foo');
Converted SQL statement by this script: INSERT INTO `test2` values (1, 200, 'BBB1', 'foo') ;

========
mysql - dbname = mysql_fdw_regress; src_pgsql = INSERT INTO fdw139_t2 values(2, 200, 'BBB2', 'bar');
Converted SQL statement by this script: INSERT INTO `test2` values (2, 200, 'BBB2', 'bar') ;

========
mysql - dbname = mysql_fdw_regress; src_pgsql = INSERT INTO fdw139_t2 values(12, 200, 'BBB12', 'foo');
Converted SQL statement by this script: INSERT INTO `test2` values (12, 200, 'BBB12', 'foo') ;

========
mysql - dbname = mysql_fdw_regress; src_pgsql = INSERT INTO fdw139_t3 values(1, 300, 'CCC1');
Converted SQL statement by this script: INSERT INTO `test3` values (1, 300, 'CCC1') ;

========
mysql - dbname = mysql_fdw_regress; src_pgsql = INSERT INTO fdw139_t3 values(2, 300, 'CCC2');
Converted SQL statement by this script: INSERT INTO `test3` values (2, 300, 'CCC2') ;

========
mysql - dbname = mysql_fdw_regress; src_pgsql = INSERT INTO fdw139_t3 values(13, 300, 'CCC13');
Converted SQL statement by this script: INSERT INTO `test3` values (13, 300, 'CCC13') ;

========
SET enable_mergejoin TO off;

========
SET enable_hashjoin TO off;

========
SET enable_sort TO off;

========
EXPLAIN (COSTS false, VERBOSE)
SELECT t1.c1, t2.c1
  FROM fdw139_t1 t1 JOIN fdw139_t2 t2 ON (t1.c1 = t2.c1)
  ORDER BY t1.c3, t1.c1;

========
SELECT t1.c1, t2.c1
  FROM fdw139_t1 t1 JOIN fdw139_t2 t2 ON (t1.c1 = t2.c1)
  ORDER BY t1.c3, t1.c1;

 c1 | c1 
----+----
  1 |  1
  2 |  2
(2 rows)

========
EXPLAIN (COSTS false, VERBOSE)
SELECT t1.c1, t2.c1
  FROM fdw139_t1 t1 JOIN fdw139_t2 t2 ON (t1.c1 = t2.c1) WHERE t1.c2 = 100
  ORDER BY t1.c3, t1.c1;

========
SELECT t1.c1, t2.c1
  FROM fdw139_t1 t1 JOIN fdw139_t2 t2 ON (t1.c1 = t2.c1) WHERE t1.c2 = 100
  ORDER BY t1.c3, t1.c1;

 c1 | c1 
----+----
  1 |  1
  2 |  2
(2 rows)

========
EXPLAIN (COSTS false, VERBOSE)
SELECT t1.c1, t2.c1
  FROM fdw139_t1 t1 JOIN fdw139_t2 t2 ON (abs(t1.c1) = t2.c1) WHERE t1.c2 = 100
  ORDER BY t1.c3, t1.c1;

========
SELECT t1.c1, t2.c1
  FROM fdw139_t1 t1 JOIN fdw139_t2 t2 ON (abs(t1.c1) = t2.c1) WHERE t1.c2 = 100
  ORDER BY t1.c3, t1.c1;

 c1 | c1 
----+----
  1 |  1
  2 |  2
(2 rows)

========
EXPLAIN (COSTS false, VERBOSE)
SELECT t1.c1, t2.c2, t3.c3
  FROM fdw139_t1 t1 JOIN fdw139_t2 t2 ON (t1.c1 = t2.c1) JOIN fdw139_t3 t3 ON (t3.c1 = t1.c1)
  ORDER BY t1.c3, t1.c1;

========
SELECT t1.c1, t2.c2, t3.c3
  FROM fdw139_t1 t1 JOIN fdw139_t2 t2 ON (t1.c1 = t2.c1) JOIN fdw139_t3 t3 ON (t3.c1 = t1.c1)
  ORDER BY t1.c3, t1.c1;

 c1 | c2  |  c3  
----+-----+------
  1 | 200 | CCC1
  2 | 200 | CCC2
(2 rows)

========
EXPLAIN (COSTS false, VERBOSE)
SELECT t1.c1, t2.c1, t3.c1
  FROM fdw139_t1 t1, fdw139_t2 t2, fdw139_t3 t3 WHERE t1.c1 = 11 AND t2.c1 = 12 AND t3.c1 = 13
  ORDER BY t1.c1;

========
SELECT t1.c1, t2.c1, t3.c1
  FROM fdw139_t1 t1, fdw139_t2 t2, fdw139_t3 t3 WHERE t1.c1 = 11 AND t2.c1 = 12 AND t3.c1 = 13
  ORDER BY t1.c1;

 c1 | c1 | c1 
----+----+----
 11 | 12 | 13
(1 row)

========
EXPLAIN (COSTS false, VERBOSE)
SELECT t1.c1, t2.c1
  FROM fdw139_t1 t1 LEFT JOIN fdw139_t2 t2 ON (t1.c1 = t2.c1)
  ORDER BY t1.c1, t2.c1 NULLS LAST LIMIT 2 OFFSET 2;

========
SELECT t1.c1, t2.c1
  FROM fdw139_t1 t1 LEFT JOIN fdw139_t2 t2 ON (t1.c1 = t2.c1)
  ORDER BY t1.c1, t2.c1 NULLS LAST LIMIT 2 OFFSET 2;

 c1 | c1 
----+----
 11 |   
(1 row)

========
EXPLAIN (COSTS false, VERBOSE)
SELECT t1.c1, t2.c1
  FROM fdw139_t1 t1 LEFT JOIN fdw139_t2 t2 ON (abs(t1.c1) = t2.c1)
  WHERE t2.c1 > 1 ORDER BY t1.c1, t2.c1;

========
SELECT t1.c1, t2.c1
  FROM fdw139_t1 t1 LEFT JOIN fdw139_t2 t2 ON (abs(t1.c1) = t2.c1)
  WHERE t2.c1 > 1 ORDER BY t1.c1, t2.c1;

 c1 | c1 
----+----
  2 |  2
(1 row)

========
EXPLAIN (COSTS false, VERBOSE)
SELECT t1.c1, t2.c1
  FROM fdw139_t1 t1 LEFT JOIN fdw139_t2 t2 ON (abs(t1.c1) = t2.c1)
  ORDER BY t1.c1, t2.c1;

========
SELECT t1.c1, t2.c1
  FROM fdw139_t1 t1 LEFT JOIN fdw139_t2 t2 ON (abs(t1.c1) = t2.c1)
  ORDER BY t1.c1, t2.c1;

 c1 | c1 
----+----
  1 |  1
  2 |  2
 11 |   
(3 rows)

========
EXPLAIN (COSTS false, VERBOSE)
SELECT t1.c1, t1.c2, t2.c1, t2.c2
  FROM fdw139_t1 t1 LEFT JOIN (SELECT * FROM fdw139_t2 WHERE c1 < 10) t2 ON (t1.c1 = t2.c1)
  WHERE t1.c1 < 10;

========
SELECT t1.c1, t1.c2, t2.c1, t2.c2
  FROM fdw139_t1 t1 LEFT JOIN (SELECT * FROM fdw139_t2 WHERE c1 < 10) t2 ON (t1.c1 = t2.c1)
  WHERE t1.c1 < 10;

 c1 | c2  | c1 | c2  
----+-----+----+-----
  1 | 100 |  1 | 200
  2 | 100 |  2 | 200
(2 rows)

========
EXPLAIN (COSTS false, VERBOSE)
SELECT t1.c1, t1.c2, t2.c1, t2.c2
  FROM fdw139_t1 t1 LEFT JOIN (SELECT * FROM fdw139_t2 WHERE c1 < 10) t2 ON (t1.c1 = t2.c1)
  WHERE (t2.c1 < 10 OR t2.c1 IS NULL) AND t1.c1 < 10;

========
SELECT t1.c1, t1.c2, t2.c1, t2.c2
  FROM fdw139_t1 t1 LEFT JOIN (SELECT * FROM fdw139_t2 WHERE c1 < 10) t2 ON (t1.c1 = t2.c1)
  WHERE (t2.c1 < 10 OR t2.c1 IS NULL) AND t1.c1 < 10;

 c1 | c2  | c1 | c2  
----+-----+----+-----
  1 | 100 |  1 | 200
  2 | 100 |  2 | 200
(2 rows)

========
EXPLAIN (COSTS false, VERBOSE)
SELECT t1.c1, t2.c1
  FROM fdw139_t1 t1 RIGHT JOIN fdw139_t2 t2 ON (t1.c1 = t2.c1)
  ORDER BY t2.c1, t1.c1 NULLS LAST;

========
SELECT t1.c1, t2.c1
  FROM fdw139_t1 t1 RIGHT JOIN fdw139_t2 t2 ON (t1.c1 = t2.c1)
  ORDER BY t2.c1, t1.c1 NULLS LAST;

 c1 | c1 
----+----
  1 |  1
  2 |  2
    | 12
(3 rows)

========
EXPLAIN (COSTS false, VERBOSE)
SELECT t1.c1, t2.c2, t3.c3
  FROM fdw139_t1 t1 JOIN fdw139_t2 t2 ON (t1.c1 = t2.c1) RIGHT JOIN fdw139_t3 t3 ON (t1.c1 = t3.c1)
  ORDER BY t1.c1 NULLS LAST, t1.c3, t1.c1;

========
SELECT t1.c1, t2.c2, t3.c3
  FROM fdw139_t1 t1 JOIN fdw139_t2 t2 ON (t1.c1 = t2.c1) RIGHT JOIN fdw139_t3 t3 ON (t1.c1 = t3.c1)
  ORDER BY t1.c1 NULLS LAST, t1.c3, t1.c1;

 c1 | c2  |  c3   
----+-----+-------
  1 | 200 | CCC1
  2 | 200 | CCC2
    |     | CCC13
(3 rows)

========
EXPLAIN (COSTS false, VERBOSE)
SELECT t1.c1, t2.c1
  FROM fdw139_t1 t1 FULL JOIN fdw139_t1 t2 ON (t1.c1 = t2.c1)
  ORDER BY t1.c1, t2.c1;

========
SELECT t1.c1, t2.c1
  FROM fdw139_t1 t1 FULL JOIN fdw139_t1 t2 ON (t1.c1 = t2.c1)
  ORDER BY t1.c1, t2.c1;

 c1 | c1 
----+----
  1 |  1
  2 |  2
 11 | 11
(3 rows)

========
EXPLAIN (COSTS false, VERBOSE)
SELECT t1.c1, t2.c1
  FROM fdw139_t1 t1 JOIN fdw139_t2 t2 ON (t1.c1 = t2.c1)
  ORDER BY t1.c3, t1.c1 FOR UPDATE OF t1;

========
SELECT t1.c1, t2.c1
  FROM fdw139_t1 t1 JOIN fdw139_t2 t2 ON (t1.c1 = t2.c1)
  ORDER BY t1.c3, t1.c1 FOR UPDATE OF t1;

 c1 | c1 
----+----
  1 |  1
  2 |  2
(2 rows)

========
EXPLAIN (COSTS false, VERBOSE)
SELECT t1.c1, t2.c1
  FROM fdw139_t1 t1 JOIN fdw139_t2 t2 ON (t1.c1 = t2.c1)
  ORDER BY t1.c3, t1.c1 FOR UPDATE;

========
SELECT t1.c1, t2.c1
  FROM fdw139_t1 t1 JOIN fdw139_t2 t2 ON (t1.c1 = t2.c1)
  ORDER BY t1.c3, t1.c1 FOR UPDATE;

 c1 | c1 
----+----
  1 |  1
  2 |  2
(2 rows)

========
EXPLAIN (COSTS false, VERBOSE)
SELECT t1.c1, t2.c1
  FROM fdw139_t1 t1 JOIN fdw139_t2 t2 ON (t1.c1 = t2.c1)
  ORDER BY t1.c3, t1.c1 FOR SHARE OF t1;

========
SELECT t1.c1, t2.c1
  FROM fdw139_t1 t1 JOIN fdw139_t2 t2 ON (t1.c1 = t2.c1)
  ORDER BY t1.c3, t1.c1 FOR SHARE OF t1;

 c1 | c1 
----+----
  1 |  1
  2 |  2
(2 rows)

========
EXPLAIN (COSTS false, VERBOSE)
SELECT t1.c1, t2.c1
  FROM fdw139_t1 t1 JOIN fdw139_t2 t2 ON (t1.c1 = t2.c1)
  ORDER BY t1.c3, t1.c1 FOR SHARE;

========
SELECT t1.c1, t2.c1
  FROM fdw139_t1 t1 JOIN fdw139_t2 t2 ON (t1.c1 = t2.c1)
  ORDER BY t1.c3, t1.c1 FOR SHARE;

 c1 | c1 
----+----
  1 |  1
  2 |  2
(2 rows)

========
EXPLAIN (COSTS false, VERBOSE)
WITH t (c1_1, c1_3, c2_1) AS (
  SELECT t1.c1, t1.c3, t2.c1
    FROM fdw139_t1 t1 JOIN fdw139_t2 t2 ON (t1.c1 = t2.c1)
) SELECT c1_1, c2_1 FROM t ORDER BY c1_3, c1_1;

========
EXPLAIN (COSTS false, VERBOSE)
SELECT t1, t2, t1.c1
  FROM fdw139_t1 t1 JOIN fdw139_t2 t2 ON (t1.c1 = t2.c1)
  ORDER BY t1.c3, t1.c1;

========
SELECT t1, t2, t1.c1
  FROM fdw139_t1 t1 JOIN fdw139_t2 t2 ON (t1.c1 = t2.c1)
  ORDER BY t1.c3, t1.c1;

        t1        |        t2        | c1 
------------------+------------------+----
 (1,100,AAA1,foo) | (1,200,BBB1,foo) |  1
 (2,100,AAA2,bar) | (2,200,BBB2,bar) |  2
(2 rows)

========
EXPLAIN (COSTS false, VERBOSE)
SELECT t1.c1
  FROM fdw139_t1 t1 WHERE EXISTS (SELECT 1 FROM fdw139_t2 t2 WHERE t1.c1 = t2.c1)
  ORDER BY t1.c1;

========
SELECT t1.c1
  FROM fdw139_t1 t1 WHERE EXISTS (SELECT 1 FROM fdw139_t2 t2 WHERE t1.c1 = t2.c1)
  ORDER BY t1.c1;

 c1 
----
  1
  2
(2 rows)

========
EXPLAIN (COSTS false, VERBOSE)
SELECT t1.c1
  FROM fdw139_t1 t1 WHERE NOT EXISTS (SELECT 1 FROM fdw139_t2 t2 WHERE t1.c1 = t2.c2)
  ORDER BY t1.c1 LIMIT 2;

========
SELECT t1.c1
  FROM fdw139_t1 t1 WHERE NOT EXISTS (SELECT 1 FROM fdw139_t2 t2 WHERE t1.c1 = t2.c2)
  ORDER BY t1.c1 LIMIT 2;

 c1 
----
  1
  2
(2 rows)

========
EXPLAIN (COSTS false, VERBOSE)
SELECT t1.c1, t2.c1
  FROM fdw139_t1 t1 CROSS JOIN fdw139_t2 t2
  ORDER BY t1.c1, t2.c1 LIMIT round(5.4) OFFSET 2;

========
SELECT t1.c1, t2.c1
  FROM fdw139_t1 t1 CROSS JOIN fdw139_t2 t2
  ORDER BY t1.c1, t2.c1 LIMIT round(5.4) OFFSET 2;

 c1 | c1 
----+----
  1 | 12
  2 |  1
  2 |  2
  2 | 12
 11 |  1
(5 rows)

========
CREATE TABLE local_t1(c1 int);

========
INSERT INTO local_t1 VALUES (1), (2);

========
EXPLAIN (COSTS false, VERBOSE)
SELECT t1.c1, t2.c1, l1.c1
  FROM fdw139_t1 t1 CROSS JOIN fdw139_t2 t2 CROSS JOIN local_t1 l1
  ORDER BY t1.c1, t2.c1, l1.c1 LIMIT 8 OFFSET round(2.2);

========
SELECT t1.c1, t2.c1, l1.c1
  FROM fdw139_t1 t1 CROSS JOIN fdw139_t2 t2 CROSS JOIN local_t1 l1
  ORDER BY t1.c1, t2.c1, l1.c1 LIMIT 8 OFFSET round(2.2);

 c1 | c1 | c1 
----+----+----
  1 |  2 |  1
  1 |  2 |  2
  1 | 12 |  1
  1 | 12 |  2
  2 |  1 |  1
  2 |  1 |  2
  2 |  2 |  1
  2 |  2 |  2
(8 rows)

========
SELECT count(t1.c1)
  FROM fdw139_t1 t1 CROSS JOIN fdw139_t2 t2 CROSS JOIN local_t1 l1;

 count 
-------
    18
(1 row)

========
EXPLAIN (COSTS false, VERBOSE)
SELECT t1.c1, t2.c1
  FROM fdw139_t1 t1 JOIN fdw139_t4 t2 ON (t1.c1 = t2.c1)
  ORDER BY t1.c3, t1.c1;

========
SELECT t1.c1, t2.c1
  FROM fdw139_t1 t1 JOIN fdw139_t4 t2 ON (t1.c1 = t2.c1)
  ORDER BY t1.c3, t1.c1;

 c1 | c1 
----+----
  1 |  1
  2 |  2
(2 rows)

========
EXPLAIN (VERBOSE, COSTS OFF)
SELECT t1.c1, t2.c1
  FROM fdw139_t1 t1 LEFT JOIN fdw139_t2 t2 ON (t1.c4 = t2.c4)
  ORDER BY t1.c1, t2.c1;

========
SELECT t1.c1, t2.c1
  FROM fdw139_t1 t1 LEFT JOIN fdw139_t2 t2 ON (t1.c4 = t2.c4)
  ORDER BY t1.c1, t2.c1;

 c1 | c1 
----+----
  1 |  1
  1 | 12
  2 |  2
 11 |  1
 11 | 12
(5 rows)

========
EXPLAIN (VERBOSE, COSTS OFF)
SELECT t1.c1, t2.c1
  FROM fdw139_t1 t1 LEFT JOIN fdw139_t2 t2 ON (t1.c1 = t2.c1) WHERE t1.c4 = 'foo'
  ORDER BY t1.c1, t2.c1 NULLS LAST;

========
SELECT t1.c1, t2.c1 FROM fdw139_t1 t1 LEFT JOIN fdw139_t2 t2 ON (t1.c1 = t2.c1) WHERE  t1.c4 COLLATE en_US = 'foo' ORDER BY t1.c1, t2.c1;

 c1 | c1 
----+----
  1 |  1
 11 |   
(2 rows)

========
EXPLAIN (VERBOSE, COSTS OFF)
SELECT t1.c1, t2.c1
  FROM fdw139_t1 t1 JOIN fdw139_t2 t2 ON (t1.c1 = t2.c1) WHERE t1.c4 = t2.c4
  ORDER BY t1.c3, t1.c1;

========
SELECT t1.c1, t2.c1
  FROM fdw139_t1 t1 JOIN fdw139_t2 t2 ON (t1.c1 = t2.c1) WHERE t1.c4 = t2.c4
  ORDER BY t1.c3, t1.c1;

 c1 | c1 
----+----
  1 |  1
  2 |  2
(2 rows)

========
CREATE ROLE regress_view_owner SUPERUSER;

========
CREATE USER MAPPING FOR regress_view_owner SERVER mysql_svr
  	OPTIONS  (username 'root', password 'root');

========
GRANT SELECT ON fdw139_t1 TO regress_view_owner;

========
GRANT SELECT ON fdw139_t2 TO regress_view_owner;

========
CREATE VIEW v1 AS SELECT * FROM fdw139_t1;

========
CREATE VIEW v2 AS SELECT * FROM fdw139_t2;

========
EXPLAIN (VERBOSE, COSTS OFF)
SELECT t1.c1, t2.c2
  FROM v1 t1 LEFT JOIN v2 t2 ON (t1.c1 = t2.c1)
  ORDER BY t1.c1, t2.c1, t2.c2 NULLS LAST;

========
SELECT t1.c1, t2.c2
  FROM v1 t1 LEFT JOIN v2 t2 ON (t1.c1 = t2.c1)
  ORDER BY t1.c1, t2.c1, t2.c2 NULLS LAST;

 c1 | c2  
----+-----
  1 | 200
  2 | 200
 11 |    
(3 rows)

========
EXPLAIN (VERBOSE, COSTS OFF)
SELECT t1.c1, t2.c2
  FROM v1 t1 LEFT JOIN v2 t2 ON (t1.c1 = t2.c1)
  ORDER BY t1.c1, t2.c1, t2.c2 NULLS LAST;

========
SELECT t1.c1, t2.c2
  FROM v1 t1 LEFT JOIN v2 t2 ON (t1.c1 = t2.c1)
  ORDER BY t1.c1, t2.c1, t2.c2 NULLS LAST;

 c1 | c2  
----+-----
  1 | 200
  2 | 200
 11 |    
(3 rows)

========
EXPLAIN (VERBOSE, COSTS OFF)
SELECT t1.c1, t2.c2
  FROM v1 t1 LEFT JOIN fdw139_t2 t2 ON (t1.c1 = t2.c1)
  ORDER BY t1.c1, t2.c1, t2.c2 NULLS LAST;

========
SELECT t1.c1, t2.c2
  FROM v1 t1 LEFT JOIN fdw139_t2 t2 ON (t1.c1 = t2.c1)
  ORDER BY t1.c1, t2.c1, t2.c2 NULLS LAST;

 c1 | c2  
----+-----
  1 | 200
  2 | 200
 11 |    
(3 rows)

========
EXPLAIN (VERBOSE, COSTS OFF)
SELECT t1.c1, t2.c2
  FROM v1 t1 LEFT JOIN fdw139_t2 t2 ON (t1.c1 = t2.c1)
  ORDER BY t1.c1, t2.c1, t2.c2 NULLS LAST;

========
SELECT t1.c1, t2.c2
  FROM v1 t1 LEFT JOIN fdw139_t2 t2 ON (t1.c1 = t2.c1)
  ORDER BY t1.c1, t2.c1, t2.c2 NULLS LAST;

 c1 | c2  
----+-----
  1 | 200
  2 | 200
 11 |    
(3 rows)

========
EXPLAIN (VERBOSE, COSTS OFF)
SELECT q.a, fdw139_t2.c1
  FROM (SELECT 13 FROM fdw139_t1 WHERE c1 = 13) q(a) RIGHT JOIN fdw139_t2 ON (q.a = fdw139_t2.c1)
  WHERE fdw139_t2.c1 BETWEEN 10 AND 15;

========
SELECT q.a, fdw139_t2.c1
  FROM (SELECT 13 FROM fdw139_t1 WHERE c1 = 13) q(a) RIGHT JOIN fdw139_t2 ON (q.a = fdw139_t2.c1)
  WHERE fdw139_t2.c1 BETWEEN 10 AND 15;

 a | c1 
---+----
   | 12
(1 row)

========
EXPLAIN (VERBOSE, COSTS OFF)
SELECT fdw139_t3.c1, q.*
  FROM fdw139_t3 LEFT JOIN (
    SELECT 13, fdw139_t1.c1, fdw139_t2.c1
    FROM fdw139_t1 RIGHT JOIN fdw139_t2 ON (fdw139_t1.c1 = fdw139_t2.c1)
    WHERE fdw139_t1.c1 = 11
  ) q(a, b, c) ON (fdw139_t3.c1 = q.b)
  WHERE fdw139_t3.c1 BETWEEN 10 AND 15;

========
SELECT fdw139_t3.c1, q.*
  FROM fdw139_t3 LEFT JOIN (
    SELECT 13, fdw139_t1.c1, fdw139_t2.c1
    FROM fdw139_t1 RIGHT JOIN fdw139_t2 ON (fdw139_t1.c1 = fdw139_t2.c1)
    WHERE fdw139_t1.c1 = 11
  ) q(a, b, c) ON (fdw139_t3.c1 = q.b)
  WHERE fdw139_t3.c1 BETWEEN 10 AND 15;

 c1 | a | b | c 
----+---+---+---
 13 |   |   |  
(1 row)

========
EXPLAIN (COSTS false, VERBOSE)
SELECT t1.c1, t2.c1
  FROM fdw139_t1 t1 JOIN fdw139_t2 t2 ON (TRUE)
  ORDER BY t1.c1, t2.c1 LIMIT round(2.2) OFFSET 2;

========
SELECT t1.c1, t2.c1
  FROM fdw139_t1 t1 JOIN fdw139_t2 t2 ON (TRUE)
  ORDER BY t1.c1, t2.c1 LIMIT round(2.2) OFFSET 2;

 c1 | c1 
----+----
  1 | 12
  2 |  1
(2 rows)

========
EXPLAIN (COSTS false, VERBOSE)
SELECT t1.c1, t2.c1
  FROM fdw139_t1 t1 JOIN fdw139_t2 t2 ON (TRUE)
  ORDER BY t1.c1, t2.c1 LIMIT NULL OFFSET 1;

========
SELECT t1.c1, t2.c1
  FROM fdw139_t1 t1 JOIN fdw139_t2 t2 ON (TRUE)
  ORDER BY t1.c1, t2.c1 LIMIT NULL OFFSET 1;

 c1 | c1 
----+----
  1 |  2
  1 | 12
  2 |  1
  2 |  2
  2 | 12
 11 |  1
 11 |  2
 11 | 12
(8 rows)

========
EXPLAIN (COSTS false, VERBOSE)
SELECT t1.c1, t2.c1
  FROM fdw139_t1 t1 JOIN fdw139_t2 t2 ON (TRUE)
  ORDER BY t1.c1, t2.c1 LIMIT ALL OFFSET 1;

========
SELECT t1.c1, t2.c1
  FROM fdw139_t1 t1 JOIN fdw139_t2 t2 ON (TRUE)
  ORDER BY t1.c1, t2.c1 LIMIT ALL OFFSET 1;

 c1 | c1 
----+----
  1 |  2
  1 | 12
  2 |  1
  2 |  2
  2 | 12
 11 |  1
 11 |  2
 11 | 12
(8 rows)

========
EXPLAIN (COSTS false, VERBOSE)
SELECT t1.c1, t2.c1
  FROM fdw139_t1 t1 JOIN fdw139_t2 t2 ON (TRUE)
  ORDER BY t1.c1, t2.c1 LIMIT 3 OFFSET NULL;

========
SELECT t1.c1, t2.c1
  FROM fdw139_t1 t1 JOIN fdw139_t2 t2 ON (TRUE)
  ORDER BY t1.c1, t2.c1 LIMIT 3 OFFSET NULL;

 c1 | c1 
----+----
  1 |  1
  1 |  2
  1 | 12
(3 rows)

========
DROP OWNED BY regress_view_owner;

========
DROP ROLE regress_view_owner;

========
mysql - dbname = mysql_fdw_regress; src_pgsql = DELETE FROM fdw139_t1;
Converted SQL statement by this script: DELETE FROM `test1`   ;
========
mysql - dbname = mysql_fdw_regress; src_pgsql = DELETE FROM fdw139_t2;
Converted SQL statement by this script: DELETE FROM `test2`   ;
========
mysql - dbname = mysql_fdw_regress; src_pgsql = DELETE FROM fdw139_t3;
Converted SQL statement by this script: DELETE FROM `test3`   ;
========
mysql - dbname = mysql_fdw_regress; src_pgsql = INSERT INTO fdw139_t1 values(1, 1, 'AAA1', 'foo');
Converted SQL statement by this script: INSERT INTO `test1` values (1, 1, 'AAA1', 'foo') ;

========
mysql - dbname = mysql_fdw_regress; src_pgsql = INSERT INTO fdw139_t1 values(2, 2, 'AAA2', 'bar');
Converted SQL statement by this script: INSERT INTO `test1` values (2, 2, 'AAA2', 'bar') ;

========
mysql - dbname = mysql_fdw_regress; src_pgsql = INSERT INTO fdw139_t1 values(3, 3, 'AAA11', 'foo');
Converted SQL statement by this script: INSERT INTO `test1` values (3, 3, 'AAA11', 'foo') ;

========
mysql - dbname = mysql_fdw_regress; src_pgsql = INSERT INTO fdw139_t1 values(4, 4, 'AAA12', 'foo');
Converted SQL statement by this script: INSERT INTO `test1` values (4, 4, 'AAA12', 'foo') ;

========
mysql - dbname = mysql_fdw_regress; src_pgsql = INSERT INTO fdw139_t2 values(5, 5, 'BBB1', 'foo');
Converted SQL statement by this script: INSERT INTO `test2` values (5, 5, 'BBB1', 'foo') ;

========
mysql - dbname = mysql_fdw_regress; src_pgsql = INSERT INTO fdw139_t2 values(6, 6, 'BBB2', 'bar');
Converted SQL statement by this script: INSERT INTO `test2` values (6, 6, 'BBB2', 'bar') ;

========
mysql - dbname = mysql_fdw_regress; src_pgsql = INSERT INTO fdw139_t2 values(7, 7, 'BBB11', 'foo');
Converted SQL statement by this script: INSERT INTO `test2` values (7, 7, 'BBB11', 'foo') ;

========
mysql - dbname = mysql_fdw_regress; src_pgsql = INSERT INTO fdw139_t2 values(8, 8, 'BBB12', 'foo');
Converted SQL statement by this script: INSERT INTO `test2` values (8, 8, 'BBB12', 'foo') ;

========
mysql - dbname = mysql_fdw_regress; src_pgsql = INSERT INTO fdw139_t3 values(1, 1, 'CCC1');
Converted SQL statement by this script: INSERT INTO `test3` values (1, 1, 'CCC1') ;

========
mysql - dbname = mysql_fdw_regress; src_pgsql = INSERT INTO fdw139_t3 values(2, 2, 'CCC2');
Converted SQL statement by this script: INSERT INTO `test3` values (2, 2, 'CCC2') ;

========
mysql - dbname = mysql_fdw_regress; src_pgsql = INSERT INTO fdw139_t3 values(3, 3, 'CCC13');
Converted SQL statement by this script: INSERT INTO `test3` values (3, 3, 'CCC13') ;

========
mysql - dbname = mysql_fdw_regress; src_pgsql = INSERT INTO fdw139_t3 values(4, 4, 'CCC14');
Converted SQL statement by this script: INSERT INTO `test3` values (4, 4, 'CCC14') ;

========
DROP FOREIGN TABLE fdw139_t4;

========
CREATE FOREIGN TABLE tmp_t4(c1 int, c2 int, c3 text)
  SERVER mysql_svr1 OPTIONS(dbname 'mysql_fdw_regress', table_name 'test4');

========
mysql - dbname = mysql_fdw_regress; src_pgsql = INSERT INTO tmp_t4 values(5, 5, 'CCC1');
Converted SQL statement by this script: INSERT INTO `test4` values (5, 5, 'CCC1') ;

========
mysql - dbname = mysql_fdw_regress; src_pgsql = INSERT INTO tmp_t4 values(6, 6, 'CCC2');
Converted SQL statement by this script: INSERT INTO `test4` values (6, 6, 'CCC2') ;

========
mysql - dbname = mysql_fdw_regress; src_pgsql = INSERT INTO tmp_t4 values(7, 7, 'CCC13');
Converted SQL statement by this script: INSERT INTO `test4` values (7, 7, 'CCC13') ;

========
mysql - dbname = mysql_fdw_regress; src_pgsql = INSERT INTO tmp_t4 values(8, 8, 'CCC13');
Converted SQL statement by this script: INSERT INTO `test4` values (8, 8, 'CCC13') ;

========
SET enable_partitionwise_join TO on;

========
CREATE TABLE fprt1 (c1 int, c2 int, c3 varchar, c4 varchar) PARTITION BY RANGE(c1);

========
CREATE FOREIGN TABLE ftprt1_p1 PARTITION OF fprt1 FOR VALUES FROM (1) TO (4)
  SERVER mysql_svr OPTIONS (dbname 'mysql_fdw_regress', table_name 'test1');

========
CREATE FOREIGN TABLE ftprt1_p2 PARTITION OF fprt1 FOR VALUES FROM (5) TO (8)
  SERVER mysql_svr OPTIONS (dbname 'mysql_fdw_regress', TABLE_NAME 'test2');

========
CREATE TABLE fprt2 (c1 int, c2 int, c3 varchar) PARTITION BY RANGE(c2);

========
CREATE FOREIGN TABLE ftprt2_p1 PARTITION OF fprt2 FOR VALUES FROM (1) TO (4)
  SERVER mysql_svr OPTIONS (dbname 'mysql_fdw_regress', table_name 'test3');

========
CREATE FOREIGN TABLE ftprt2_p2 PARTITION OF fprt2 FOR VALUES FROM (5) TO (8)
  SERVER mysql_svr OPTIONS (dbname 'mysql_fdw_regress', TABLE_NAME 'test4');

========
EXPLAIN (VERBOSE, COSTS OFF)
SELECT t1.c1,t2.c2,t3.c3
  FROM fprt1 t1 INNER JOIN fprt2 t2 ON (t1.c1 = t2.c2) INNER JOIN fprt1 t3 ON (t2.c2 = t3.c1)
  WHERE t1.c1 % 2 =0 ORDER BY 1,2,3;

========
SELECT t1.c1,t2.c2,t3.c3
  FROM fprt1 t1 INNER JOIN fprt2 t2 ON (t1.c1 = t2.c2) INNER JOIN fprt1 t3 ON (t2.c2 = t3.c1)
  WHERE t1.c1 % 2 =0 ORDER BY 1,2,3;

 c1 | c2 |  c3   
----+----+-------
  2 |  2 | AAA2
  4 |  4 | AAA12
  6 |  6 | BBB2
  8 |  8 | BBB12
(4 rows)

========
EXPLAIN (VERBOSE, COSTS false)
SELECT t1, t2, t1.c1
  FROM fprt1 t1 JOIN fprt2 t2 ON (t1.c1 = t2.c2)
  ORDER BY t1.c3, t1.c1;

========
SELECT t1, t2, t1.c1
  FROM fprt1 t1 JOIN fprt2 t2 ON (t1.c1 = t2.c2)
  ORDER BY t1.c3, t1.c1;

       t1        |     t2      | c1 
-----------------+-------------+----
 (1,1,AAA1,foo)  | (1,1,CCC1)  |  1
 (3,3,AAA11,foo) | (3,3,CCC13) |  3
 (4,4,AAA12,foo) | (4,4,CCC14) |  4
 (2,2,AAA2,bar)  | (2,2,CCC2)  |  2
 (5,5,BBB1,foo)  | (5,5,CCC1)  |  5
 (7,7,BBB11,foo) | (7,7,CCC13) |  7
 (8,8,BBB12,foo) | (8,8,CCC13) |  8
 (6,6,BBB2,bar)  | (6,6,CCC2)  |  6
(8 rows)

========
EXPLAIN (VERBOSE, COSTS OFF)
SELECT t1.c1,t1.c2
  FROM fprt1 t1, LATERAL (SELECT t2.c1, t2.c2 FROM fprt2 t2
  WHERE t1.c1 = t2.c2 AND t1.c2 = t2.c1) q WHERE t1.c1 % 2 = 0 ORDER BY 1,2;

========
SELECT t1.c1,t1.c2
  FROM fprt1 t1, LATERAL (SELECT t2.c1, t2.c2 FROM fprt2 t2
  WHERE t1.c1 = t2.c2 AND t1.c2 = t2.c1) q WHERE t1.c1 % 2 = 0 ORDER BY 1,2;

 c1 | c2 
----+----
  2 |  2
  4 |  4
  6 |  6
  8 |  8
(4 rows)

========
EXPLAIN (VERBOSE, COSTS OFF)
SELECT t1.c1, t1.phv, t2.c2, t2.phv
  FROM (SELECT 't1_phv' phv, * FROM fprt1 WHERE c1 % 2 = 0) t1 LEFT JOIN
    (SELECT 't2_phv' phv, * FROM fprt2 WHERE c2 % 2 = 0) t2 ON (t1.c1 = t2.c2)
  ORDER BY t1.c1, t2.c2;

========
SELECT t1.c1, t1.phv, t2.c2, t2.phv
  FROM (SELECT 't1_phv' phv, * FROM fprt1 WHERE c1 % 2 = 0) t1 LEFT JOIN
    (SELECT 't2_phv' phv, * FROM fprt2 WHERE c2 % 2 = 0) t2 ON (t1.c1 = t2.c2)
  ORDER BY t1.c1, t2.c2;

 c1 |  phv   | c2 |  phv   
----+--------+----+--------
  2 | t1_phv |  2 | t2_phv
  4 | t1_phv |  4 | t2_phv
  6 | t1_phv |  6 | t2_phv
  8 | t1_phv |  8 | t2_phv
(4 rows)

========
SET enable_partitionwise_join TO off;

========
mysql - dbname = mysql_fdw_regress; src_pgsql = DELETE FROM fdw139_t1;
Converted SQL statement by this script: DELETE FROM `test1`   ;
========
mysql - dbname = mysql_fdw_regress; src_pgsql = DELETE FROM fdw139_t2;
Converted SQL statement by this script: DELETE FROM `test2`   ;
========
mysql - dbname = mysql_fdw_regress; src_pgsql = DELETE FROM fdw139_t3;
Converted SQL statement by this script: DELETE FROM `test3`   ;
========
mysql - dbname = mysql_fdw_regress; src_pgsql = DELETE FROM tmp_t4;
Converted SQL statement by this script: DELETE FROM `test4`   ;
========
DROP FOREIGN TABLE fdw139_t1;

========
DROP FOREIGN TABLE fdw139_t2;

========
DROP FOREIGN TABLE fdw139_t3;

========
DROP FOREIGN TABLE tmp_t4;

========
DROP TABLE IF EXISTS fprt1;

========
DROP TABLE IF EXISTS fprt2;

========
DROP TYPE user_enum;

========
DROP USER MAPPING FOR public SERVER mysql_svr;

========
DROP USER MAPPING FOR public SERVER mysql_svr1;

========
DROP SERVER mysql_svr;

========
DROP SERVER mysql_svr1;

========
DROP EXTENSION mysql_fdw;

========
