['config', 'sqlfile', 'dbtype'] ['conf/config.conf', 'sql/mysql/select.sql', 'mysql']
Namespace(config='conf/config.conf', dbtype='mysql', sqlfile='sql/mysql/select.sql')
Converted SQL statement by this script: drop database if exists contrib_regression
Converted SQL statement by this script: create database if not exists contrib_regression
CREATE EXTENSION IF NOT EXISTS mysql_fdw;

========
CREATE SERVER mysql_svr FOREIGN DATA WRAPPER mysql_fdw
  	OPTIONS  (host '192.168.0.136', port  '12388');

========
CREATE USER MAPPING FOR PUBLIC SERVER mysql_svr
  	OPTIONS  (username 'root', password 'root');

========
SELECT mysql_fdw_version();

 mysql_fdw_version 
-------------------
             20901
(1 row)

========
CREATE FOREIGN TABLE f_mysql_test(a int, b int)
  SERVER mysql_svr OPTIONS (dbname 'mysql_fdw_regress', table_name 'mysql_test');

========
CREATE FOREIGN TABLE f_numbers(a int, b varchar(255))
  SERVER mysql_svr OPTIONS (dbname 'mysql_fdw_regress', table_name 'numbers');

========
CREATE FOREIGN TABLE f_test_tbl1 (c1 INTEGER, c2 VARCHAR(10), c3 CHAR(9),c4 BIGINT, c5 pg_catalog.Date, c6 DECIMAL, c7 INTEGER, c8 SMALLINT)
  SERVER mysql_svr OPTIONS (dbname 'mysql_fdw_regress', table_name 'test_tbl1');

========
CREATE FOREIGN TABLE f_test_tbl2 (c1 INTEGER, c2 VARCHAR(14), c3 VARCHAR(13))
  SERVER mysql_svr OPTIONS (dbname 'mysql_fdw_regress', table_name 'test_tbl2');

========
CREATE TYPE size_t AS enum('small','medium','large');

========
CREATE FOREIGN TABLE f_enum_t1(id int, size size_t)
  SERVER mysql_svr OPTIONS (dbname 'mysql_fdw_regress', table_name 'enum_t1');

========
CREATE FOREIGN TABLE test5_1(c1 INT, c2 CHAR, c3 VARCHAR, c4 BOOLEAN, c5 TEXT, c6 INTERVAL, c7 BYTEA, c8 pg_catalog.DATE, c9 NUMERIC, c10 NAME)
  SERVER mysql_svr OPTIONS (dbname 'mysql_fdw_regress', table_name 'test5');

========
CREATE FOREIGN TABLE test5_2(c1 INT, c2 BYTEA, c3 BYTEA, c4 BYTEA, c5 BYTEA, c6 BYTEA, c7 BYTEA, c8 BYTEA, c9 BYTEA, c10 BYTEA)
  SERVER mysql_svr OPTIONS (dbname 'mysql_fdw_regress', table_name 'test5');

========
mysql - dbname = mysql_fdw_regress; src_pgsql = INSERT INTO f_test_tbl1 VALUES (100, 'EMP1', 'ADMIN', 1300, '1980-12-17', 800.23, NULL, 20);
Converted SQL statement by this script: INSERT INTO `test_tbl1` VALUES (100, 'EMP1', 'ADMIN', 1300, '1980-12-17', '800.23', NULL, 20) ;

========
mysql - dbname = mysql_fdw_regress; src_pgsql = INSERT INTO f_test_tbl1 VALUES (200, 'EMP2', 'SALESMAN', 600, '1981-02-20', 1600.00, 300, 30);
Converted SQL statement by this script: INSERT INTO `test_tbl1` VALUES (200, 'EMP2', 'SALESMAN', 600, '1981-02-20', '1600.00', 300, 30) ;

========
mysql - dbname = mysql_fdw_regress; src_pgsql = INSERT INTO f_test_tbl1 VALUES (300, 'EMP3', 'SALESMAN', 600, '1981-02-22', 1250, 500, 30);
Converted SQL statement by this script: INSERT INTO `test_tbl1` VALUES (300, 'EMP3', 'SALESMAN', 600, '1981-02-22', 1250, 500, 30) ;

========
mysql - dbname = mysql_fdw_regress; src_pgsql = INSERT INTO f_test_tbl1 VALUES (400, 'EMP4', 'MANAGER', 900, '1981-04-02', 2975.12, NULL, 20);
Converted SQL statement by this script: INSERT INTO `test_tbl1` VALUES (400, 'EMP4', 'MANAGER', 900, '1981-04-02', '2975.12', NULL, 20) ;

========
mysql - dbname = mysql_fdw_regress; src_pgsql = INSERT INTO f_test_tbl1 VALUES (500, 'EMP5', 'SALESMAN', 600, '1981-09-28', 1250, 1400, 30);
Converted SQL statement by this script: INSERT INTO `test_tbl1` VALUES (500, 'EMP5', 'SALESMAN', 600, '1981-09-28', 1250, 1400, 30) ;

========
mysql - dbname = mysql_fdw_regress; src_pgsql = INSERT INTO f_test_tbl1 VALUES (600, 'EMP6', 'MANAGER', 900, '1981-05-01', 2850, NULL, 30);
Converted SQL statement by this script: INSERT INTO `test_tbl1` VALUES (600, 'EMP6', 'MANAGER', 900, '1981-05-01', 2850, NULL, 30) ;

========
mysql - dbname = mysql_fdw_regress; src_pgsql = INSERT INTO f_test_tbl1 VALUES (700, 'EMP7', 'MANAGER', 900, '1981-06-09', 2450.45, NULL, 10);
Converted SQL statement by this script: INSERT INTO `test_tbl1` VALUES (700, 'EMP7', 'MANAGER', 900, '1981-06-09', '2450.45', NULL, 10) ;

========
mysql - dbname = mysql_fdw_regress; src_pgsql = INSERT INTO f_test_tbl1 VALUES (800, 'EMP8', 'FINANCE', 400, '1987-04-19', 3000, NULL, 20);
Converted SQL statement by this script: INSERT INTO `test_tbl1` VALUES (800, 'EMP8', 'FINANCE', 400, '1987-04-19', 3000, NULL, 20) ;

========
mysql - dbname = mysql_fdw_regress; src_pgsql = INSERT INTO f_test_tbl1 VALUES (900, 'EMP9', 'HEAD', NULL, '1981-11-17', 5000, NULL, 10);
Converted SQL statement by this script: INSERT INTO `test_tbl1` VALUES (900, 'EMP9', 'HEAD', NULL, '1981-11-17', 5000, NULL, 10) ;

========
mysql - dbname = mysql_fdw_regress; src_pgsql = INSERT INTO f_test_tbl1 VALUES (1000, 'EMP10', 'SALESMAN', 600, '1980-09-08', 1500, 0, 30);
Converted SQL statement by this script: INSERT INTO `test_tbl1` VALUES (1000, 'EMP10', 'SALESMAN', 600, '1980-09-08', 1500, 0, 30) ;

========
mysql - dbname = mysql_fdw_regress; src_pgsql = INSERT INTO f_test_tbl1 VALUES (1100, 'EMP11', 'ADMIN', 800, '1987-05-23', 1100, NULL, 20);
Converted SQL statement by this script: INSERT INTO `test_tbl1` VALUES (1100, 'EMP11', 'ADMIN', 800, '1987-05-23', 1100, NULL, 20) ;

========
mysql - dbname = mysql_fdw_regress; src_pgsql = INSERT INTO f_test_tbl1 VALUES (1200, 'EMP12', 'ADMIN', 600, '1981-12-03', 950, NULL, 30);
Converted SQL statement by this script: INSERT INTO `test_tbl1` VALUES (1200, 'EMP12', 'ADMIN', 600, '1981-12-03', 950, NULL, 30) ;

========
mysql - dbname = mysql_fdw_regress; src_pgsql = INSERT INTO f_test_tbl1 VALUES (1300, 'EMP13', 'FINANCE', 400, '1981-12-03', 3000, NULL, 20);
Converted SQL statement by this script: INSERT INTO `test_tbl1` VALUES (1300, 'EMP13', 'FINANCE', 400, '1981-12-03', 3000, NULL, 20) ;

========
mysql - dbname = mysql_fdw_regress; src_pgsql = INSERT INTO f_test_tbl1 VALUES (1400, 'EMP14', 'ADMIN', 700, '1982-01-23', 1300, NULL, 10);
Converted SQL statement by this script: INSERT INTO `test_tbl1` VALUES (1400, 'EMP14', 'ADMIN', 700, '1982-01-23', 1300, NULL, 10) ;

========
mysql - dbname = mysql_fdw_regress; src_pgsql = INSERT INTO f_test_tbl2 VALUES(10, 'DEVELOPMENT', 'PUNE');
Converted SQL statement by this script: INSERT INTO `test_tbl2` VALUES (10, 'DEVELOPMENT', 'PUNE') ;

========
mysql - dbname = mysql_fdw_regress; src_pgsql = INSERT INTO f_test_tbl2 VALUES(20, 'ADMINISTRATION', 'BANGLORE');
Converted SQL statement by this script: INSERT INTO `test_tbl2` VALUES (20, 'ADMINISTRATION', 'BANGLORE') ;

========
mysql - dbname = mysql_fdw_regress; src_pgsql = INSERT INTO f_test_tbl2 VALUES(30, 'SALES', 'MUMBAI');
Converted SQL statement by this script: INSERT INTO `test_tbl2` VALUES (30, 'SALES', 'MUMBAI') ;

========
mysql - dbname = mysql_fdw_regress; src_pgsql = INSERT INTO f_test_tbl2 VALUES(40, 'HR', 'NAGPUR');
Converted SQL statement by this script: INSERT INTO `test_tbl2` VALUES (40, 'HR', 'NAGPUR') ;

========
SET datestyle TO ISO;

========
SELECT c1, c2, c3, c4, c5, c6, c7, c8 FROM f_test_tbl1
  ORDER BY c1 DESC, c8;

  c1  |  c2   |    c3     |  c4  |     c5     |     c6     |  c7  | c8 
------+-------+-----------+------+------------+------------+------+----
 1400 | EMP14 | ADMIN     |  700 | 1982-01-23 | 1300.00000 |      | 10
 1300 | EMP13 | FINANCE   |  400 | 1981-12-03 | 3000.00000 |      | 20
 1200 | EMP12 | ADMIN     |  600 | 1981-12-03 |  950.00000 |      | 30
 1100 | EMP11 | ADMIN     |  800 | 1987-05-23 | 1100.00000 |      | 20
 1000 | EMP10 | SALESMAN  |  600 | 1980-09-08 | 1500.00000 |    0 | 30
  900 | EMP9  | HEAD      |      | 1981-11-17 | 5000.00000 |      | 10
  800 | EMP8  | FINANCE   |  400 | 1987-04-19 | 3000.00000 |      | 20
  700 | EMP7  | MANAGER   |  900 | 1981-06-09 | 2450.45000 |      | 10
  600 | EMP6  | MANAGER   |  900 | 1981-05-01 | 2850.00000 |      | 30
  500 | EMP5  | SALESMAN  |  600 | 1981-09-28 | 1250.00000 | 1400 | 30
  400 | EMP4  | MANAGER   |  900 | 1981-04-02 | 2975.12000 |      | 20
  300 | EMP3  | SALESMAN  |  600 | 1981-02-22 | 1250.00000 |  500 | 30
  200 | EMP2  | SALESMAN  |  600 | 1981-02-20 | 1600.00000 |  300 | 30
  100 | EMP1  | ADMIN     | 1300 | 1980-12-17 |  800.23000 |      | 20
(14 rows)

========
ERROR:  column "c2" does not exist
LINE 1: SELECT c2 AS Employee
               ^
ERROR:  column "c8" does not exist
LINE 1: SELECT c8 Department, COUNT(c1) Total
               ^
ERROR:  relation "with_qry" does not exist
LINE 1: SELECT e.c2, e.c6, w.c1, w.c2 FROM f_test_tbl1 e, with_qry w
                                                          ^
ERROR:  relation "test_tbl2_costs" does not exist
LINE 1: SELECT * FROM test_tbl2_costs
                      ^
SELECT DISTINCT c8 FROM f_test_tbl1 ORDER BY 1;

 c8 
----
 10
 20
 30
(3 rows)

========
SELECT c2 AS "Employee Name" FROM f_test_tbl1 ORDER BY 1;

========
SELECT c8, c6, c7 FROM f_test_tbl1 ORDER BY 1, 2, 3;

 c8 |     c6     |  c7  
----+------------+------
 10 | 1300.00000 |     
 10 | 2450.45000 |     
 10 | 5000.00000 |     
 20 |  800.23000 |     
 20 | 1100.00000 |     
 20 | 2975.12000 |     
 20 | 3000.00000 |     
 20 | 3000.00000 |     
 30 |  950.00000 |     
 30 | 1250.00000 |  500
 30 | 1250.00000 | 1400
 30 | 1500.00000 |    0
 30 | 1600.00000 |  300
 30 | 2850.00000 |     
(14 rows)

========
SELECT c1, c2, c3, c4, c5, c6, c7, c8 FROM f_test_tbl1
  WHERE c1 = 100 ORDER BY 1;

 c1  |  c2  |    c3     |  c4  |     c5     |    c6     | c7 | c8 
-----+------+-----------+------+------------+-----------+----+----
 100 | EMP1 | ADMIN     | 1300 | 1980-12-17 | 800.23000 |    | 20
(1 row)

========
SELECT c1, c2, c3, c4, c5, c6, c7, c8 FROM f_test_tbl1
  WHERE c1 = 100 OR c1 = 700 ORDER BY 1;

 c1  |  c2  |    c3     |  c4  |     c5     |     c6     | c7 | c8 
-----+------+-----------+------+------------+------------+----+----
 100 | EMP1 | ADMIN     | 1300 | 1980-12-17 |  800.23000 |    | 20
 700 | EMP7 | MANAGER   |  900 | 1981-06-09 | 2450.45000 |    | 10
(2 rows)

========
SELECT * FROM f_test_tbl1 WHERE c3 like 'SALESMAN' ORDER BY 1;

 c1 | c2 | c3 | c4 | c5 | c6 | c7 | c8 
----+----+----+----+----+----+----+----
(0 rows)

========
SELECT * FROM f_test_tbl1 WHERE c1 IN (100, 700) ORDER BY 1;

 c1  |  c2  |    c3     |  c4  |     c5     |     c6     | c7 | c8 
-----+------+-----------+------+------------+------------+----+----
 100 | EMP1 | ADMIN     | 1300 | 1980-12-17 |  800.23000 |    | 20
 700 | EMP7 | MANAGER   |  900 | 1981-06-09 | 2450.45000 |    | 10
(2 rows)

========
SELECT * FROM f_test_tbl1 WHERE c1 NOT IN (100, 700) ORDER BY 1 LIMIT 5;

 c1  |  c2  |    c3     | c4  |     c5     |     c6     |  c7  | c8 
-----+------+-----------+-----+------------+------------+------+----
 200 | EMP2 | SALESMAN  | 600 | 1981-02-20 | 1600.00000 |  300 | 30
 300 | EMP3 | SALESMAN  | 600 | 1981-02-22 | 1250.00000 |  500 | 30
 400 | EMP4 | MANAGER   | 900 | 1981-04-02 | 2975.12000 |      | 20
 500 | EMP5 | SALESMAN  | 600 | 1981-09-28 | 1250.00000 | 1400 | 30
 600 | EMP6 | MANAGER   | 900 | 1981-05-01 | 2850.00000 |      | 30
(5 rows)

========
SELECT * FROM f_test_tbl1 WHERE c8 BETWEEN 10 AND 20 ORDER BY 1;

  c1  |  c2   |    c3     |  c4  |     c5     |     c6     | c7 | c8 
------+-------+-----------+------+------------+------------+----+----
  100 | EMP1  | ADMIN     | 1300 | 1980-12-17 |  800.23000 |    | 20
  400 | EMP4  | MANAGER   |  900 | 1981-04-02 | 2975.12000 |    | 20
  700 | EMP7  | MANAGER   |  900 | 1981-06-09 | 2450.45000 |    | 10
  800 | EMP8  | FINANCE   |  400 | 1987-04-19 | 3000.00000 |    | 20
  900 | EMP9  | HEAD      |      | 1981-11-17 | 5000.00000 |    | 10
 1100 | EMP11 | ADMIN     |  800 | 1987-05-23 | 1100.00000 |    | 20
 1300 | EMP13 | FINANCE   |  400 | 1981-12-03 | 3000.00000 |    | 20
 1400 | EMP14 | ADMIN     |  700 | 1982-01-23 | 1300.00000 |    | 10
(8 rows)

========
SELECT * FROM f_test_tbl1 ORDER BY 1 OFFSET 5;

  c1  |  c2   |    c3     | c4  |     c5     |     c6     | c7 | c8 
------+-------+-----------+-----+------------+------------+----+----
  600 | EMP6  | MANAGER   | 900 | 1981-05-01 | 2850.00000 |    | 30
  700 | EMP7  | MANAGER   | 900 | 1981-06-09 | 2450.45000 |    | 10
  800 | EMP8  | FINANCE   | 400 | 1987-04-19 | 3000.00000 |    | 20
  900 | EMP9  | HEAD      |     | 1981-11-17 | 5000.00000 |    | 10
 1000 | EMP10 | SALESMAN  | 600 | 1980-09-08 | 1500.00000 |  0 | 30
 1100 | EMP11 | ADMIN     | 800 | 1987-05-23 | 1100.00000 |    | 20
 1200 | EMP12 | ADMIN     | 600 | 1981-12-03 |  950.00000 |    | 30
 1300 | EMP13 | FINANCE   | 400 | 1981-12-03 | 3000.00000 |    | 20
 1400 | EMP14 | ADMIN     | 700 | 1982-01-23 | 1300.00000 |    | 10
(9 rows)

========
SELECT c8 "Department", COUNT(c1) "Total Employees" FROM f_test_tbl1
  GROUP BY c8 ORDER BY c8;

========
SELECT c8, SUM(c6) FROM f_test_tbl1
  GROUP BY c8 HAVING c8 IN (10, 30) ORDER BY c8;

 c8 |    sum     
----+------------
 10 | 8750.45000
 30 | 9400.00000
(2 rows)

========
SELECT c8, SUM(c6) FROM f_test_tbl1
  GROUP BY c8 HAVING SUM(c6) > 9400 ORDER BY c8;

 c8 |     sum     
----+-------------
 20 | 10875.35000
(1 row)

========
SELECT UPPER(c2), LOWER(c2) FROM f_test_tbl2 ORDER BY 1, 2;

     upper      |     lower      
----------------+----------------
 ADMINISTRATION | administration
 DEVELOPMENT    | development
 HR             | hr
 SALES          | sales
(4 rows)

========
SELECT * FROM f_test_tbl1
  WHERE c8 <> ALL (SELECT c1 FROM f_test_tbl2 WHERE c1 IN (10, 30, 40))
  ORDER BY c1;

  c1  |  c2   |    c3     |  c4  |     c5     |     c6     | c7 | c8 
------+-------+-----------+------+------------+------------+----+----
  100 | EMP1  | ADMIN     | 1300 | 1980-12-17 |  800.23000 |    | 20
  400 | EMP4  | MANAGER   |  900 | 1981-04-02 | 2975.12000 |    | 20
  800 | EMP8  | FINANCE   |  400 | 1987-04-19 | 3000.00000 |    | 20
 1100 | EMP11 | ADMIN     |  800 | 1987-05-23 | 1100.00000 |    | 20
 1300 | EMP13 | FINANCE   |  400 | 1981-12-03 | 3000.00000 |    | 20
(5 rows)

========
SELECT c1, c2, c3 FROM f_test_tbl2
  WHERE EXISTS (SELECT 1 FROM f_test_tbl1 WHERE f_test_tbl2.c1 = f_test_tbl1.c8)
  ORDER BY 1, 2;

 c1 |       c2       |    c3    
----+----------------+----------
 10 | DEVELOPMENT    | PUNE
 20 | ADMINISTRATION | BANGLORE
 30 | SALES          | MUMBAI
(3 rows)

========
SELECT c1, c2, c3, c4, c5, c6, c7, c8 FROM f_test_tbl1
  WHERE c8 NOT IN (SELECT c1 FROM f_test_tbl2) ORDER BY c1;

 c1 | c2 | c3 | c4 | c5 | c6 | c7 | c8 
----+----+----+----+----+----+----+----
(0 rows)

========
SELECT c1, c2 FROM f_test_tbl2 UNION
SELECT c1, c2 FROM f_test_tbl1 ORDER BY c1;

  c1  |       c2       
------+----------------
   10 | DEVELOPMENT
   20 | ADMINISTRATION
   30 | SALES
   40 | HR
  100 | EMP1
  200 | EMP2
  300 | EMP3
  400 | EMP4
  500 | EMP5
  600 | EMP6
  700 | EMP7
  800 | EMP8
  900 | EMP9
 1000 | EMP10
 1100 | EMP11
 1200 | EMP12
 1300 | EMP13
 1400 | EMP14
(18 rows)

========
SELECT c2 FROM f_test_tbl2  UNION ALL
SELECT c2 FROM f_test_tbl1 ORDER BY c2;

       c2       
----------------
 ADMINISTRATION
 DEVELOPMENT
 EMP1
 EMP10
 EMP11
 EMP12
 EMP13
 EMP14
 EMP2
 EMP3
 EMP4
 EMP5
 EMP6
 EMP7
 EMP8
 EMP9
 HR
 SALES
(18 rows)

========
SELECT c2 FROM f_test_tbl1 WHERE c1 >= 800 INTERSECT
SELECT c2 FROM f_test_tbl1 WHERE c1 >= 400 ORDER BY c2;

  c2   
-------
 EMP10
 EMP11
 EMP12
 EMP13
 EMP14
 EMP8
 EMP9
(7 rows)

========
SELECT c2 FROM f_test_tbl1 WHERE c1 >= 800 INTERSECT ALL
SELECT c2 FROM f_test_tbl1 WHERE c1 >= 400 ORDER BY c2;

  c2   
-------
 EMP10
 EMP11
 EMP12
 EMP13
 EMP14
 EMP8
 EMP9
(7 rows)

========
SELECT c2 FROM f_test_tbl1 EXCEPT
SELECT c2 FROM f_test_tbl1 WHERE c1 > 900 ORDER BY c2;

  c2  
------
 EMP1
 EMP2
 EMP3
 EMP4
 EMP5
 EMP6
 EMP7
 EMP8
 EMP9
(9 rows)

========
SELECT c2 FROM f_test_tbl1 EXCEPT ALL
SELECT c2 FROM f_test_tbl1 WHERE c1 > 900 ORDER BY c2;

  c2  
------
 EMP1
 EMP2
 EMP3
 EMP4
 EMP5
 EMP6
 EMP7
 EMP8
 EMP9
(9 rows)

========
SELECT e.c2, e.c6, w.c1, w.c2 FROM f_test_tbl1 e, with_qry w
  WHERE e.c8 = w.c1 ORDER BY e.c8, e.c2;

========
SELECT * FROM test_tbl2_costs
  WHERE test_tbl2_total > (SELECT avg FROM avg_cost) ORDER BY c2;

========
SELECT c8, c1, c6, AVG(c6) OVER (PARTITION BY c8) FROM f_test_tbl1
  ORDER BY c8, c1;

 c8 |  c1  |     c6     |          avg          
----+------+------------+-----------------------
 10 |  700 | 2450.45000 | 2916.8166666666666667
 10 |  900 | 5000.00000 | 2916.8166666666666667
 10 | 1400 | 1300.00000 | 2916.8166666666666667
 20 |  100 |  800.23000 | 2175.0700000000000000
 20 |  400 | 2975.12000 | 2175.0700000000000000
 20 |  800 | 3000.00000 | 2175.0700000000000000
 20 | 1100 | 1100.00000 | 2175.0700000000000000
 20 | 1300 | 3000.00000 | 2175.0700000000000000
 30 |  200 | 1600.00000 | 1566.6666666666666667
 30 |  300 | 1250.00000 | 1566.6666666666666667
 30 |  500 | 1250.00000 | 1566.6666666666666667
ERROR:  Kunlun-db: Statement 'CREATE VIEW' not support temporary object mixied normal object
ERROR:  relation "ttest_tbl1_vw" does not exist
LINE 1: SELECT * FROM ttest_tbl1_vw ORDER BY 1, 2;
                      ^
 30 |  600 | 2850.00000 | 1566.6666666666666667
 30 | 1000 | 1500.00000 | 1566.6666666666666667
 30 | 1200 |  950.00000 | 1566.6666666666666667
(14 rows)

========
SELECT c8, c1, c6, COUNT(c6) OVER (PARTITION BY c8) FROM f_test_tbl1
  WHERE c8 IN (10, 30, 40, 50, 60, 70) ORDER BY c8, c1;

 c8 |  c1  |     c6     | count 
----+------+------------+-------
 10 |  700 | 2450.45000 |     3
 10 |  900 | 5000.00000 |     3
 10 | 1400 | 1300.00000 |     3
 30 |  200 | 1600.00000 |     6
 30 |  300 | 1250.00000 |     6
 30 |  500 | 1250.00000 |     6
 30 |  600 | 2850.00000 |     6
 30 | 1000 | 1500.00000 |     6
 30 | 1200 |  950.00000 |     6
(9 rows)

========
SELECT c8, c1, c6, SUM(c6) OVER (PARTITION BY c8) FROM f_test_tbl1
  ORDER BY c8, c1;

 c8 |  c1  |     c6     |     sum     
----+------+------------+-------------
 10 |  700 | 2450.45000 |  8750.45000
 10 |  900 | 5000.00000 |  8750.45000
 10 | 1400 | 1300.00000 |  8750.45000
 20 |  100 |  800.23000 | 10875.35000
 20 |  400 | 2975.12000 | 10875.35000
 20 |  800 | 3000.00000 | 10875.35000
 20 | 1100 | 1100.00000 | 10875.35000
 20 | 1300 | 3000.00000 | 10875.35000
 30 |  200 | 1600.00000 |  9400.00000
 30 |  300 | 1250.00000 |  9400.00000
 30 |  500 | 1250.00000 |  9400.00000
 30 |  600 | 2850.00000 |  9400.00000
 30 | 1000 | 1500.00000 |  9400.00000
 30 | 1200 |  950.00000 |  9400.00000
(14 rows)

========
CREATE VIEW smpl_vw AS
  SELECT c1, c2, c3, c4, c5, c6, c7, c8 FROM f_test_tbl1
    ORDER BY c1;

========
SELECT * FROM smpl_vw ORDER BY 1;

  c1  |  c2   |    c3     |  c4  |     c5     |     c6     |  c7  | c8 
------+-------+-----------+------+------------+------------+------+----
  100 | EMP1  | ADMIN     | 1300 | 1980-12-17 |  800.23000 |      | 20
  200 | EMP2  | SALESMAN  |  600 | 1981-02-20 | 1600.00000 |  300 | 30
  300 | EMP3  | SALESMAN  |  600 | 1981-02-22 | 1250.00000 |  500 | 30
  400 | EMP4  | MANAGER   |  900 | 1981-04-02 | 2975.12000 |      | 20
  500 | EMP5  | SALESMAN  |  600 | 1981-09-28 | 1250.00000 | 1400 | 30
  600 | EMP6  | MANAGER   |  900 | 1981-05-01 | 2850.00000 |      | 30
  700 | EMP7  | MANAGER   |  900 | 1981-06-09 | 2450.45000 |      | 10
  800 | EMP8  | FINANCE   |  400 | 1987-04-19 | 3000.00000 |      | 20
  900 | EMP9  | HEAD      |      | 1981-11-17 | 5000.00000 |      | 10
 1000 | EMP10 | SALESMAN  |  600 | 1980-09-08 | 1500.00000 |    0 | 30
 1100 | EMP11 | ADMIN     |  800 | 1987-05-23 | 1100.00000 |      | 20
 1200 | EMP12 | ADMIN     |  600 | 1981-12-03 |  950.00000 |      | 30
 1300 | EMP13 | FINANCE   |  400 | 1981-12-03 | 3000.00000 |      | 20
 1400 | EMP14 | ADMIN     |  700 | 1982-01-23 | 1300.00000 |      | 10
(14 rows)

========
CREATE VIEW comp_vw (s1, s2, s3, s6, s7, s8, d2) AS
  SELECT s.c1, s.c2, s.c3, s.c6, s.c7, s.c8, d.c2
    FROM f_test_tbl2 d, f_test_tbl1 s WHERE d.c1 = s.c8 AND d.c1 = 10
    ORDER BY s.c1;

========
SELECT * FROM comp_vw ORDER BY 1;

  s1  |  s2   |    s3     |     s6     | s7 | s8 |     d2      
------+-------+-----------+------------+----+----+-------------
  700 | EMP7  | MANAGER   | 2450.45000 |    | 10 | DEVELOPMENT
  900 | EMP9  | HEAD      | 5000.00000 |    | 10 | DEVELOPMENT
 1400 | EMP14 | ADMIN     | 1300.00000 |    | 10 | DEVELOPMENT
(3 rows)

========
CREATE TEMPORARY VIEW ttest_tbl1_vw AS
  SELECT c1, c2, c3 FROM f_test_tbl2;

========
SELECT * FROM ttest_tbl1_vw ORDER BY 1, 2;

========
CREATE VIEW mul_tbl_view AS
  SELECT d.c1 dc1, d.c2 dc2, e.c1 ec1, e.c2 ec2, e.c6 ec6
    FROM f_test_tbl2 d INNER JOIN f_test_tbl1 e ON d.c1 = e.c8 ORDER BY d.c1;

========
SELECT * FROM mul_tbl_view ORDER BY 1, 2,3;

 dc1 |      dc2       | ec1  |  ec2  |    ec6     
-----+----------------+------+-------+------------
  10 | DEVELOPMENT    |  700 | EMP7  | 2450.45000
  10 | DEVELOPMENT    |  900 | EMP9  | 5000.00000
  10 | DEVELOPMENT    | 1400 | EMP14 | 1300.00000
  20 | ADMINISTRATION |  100 | EMP1  |  800.23000
  20 | ADMINISTRATION |  400 | EMP4  | 2975.12000
  20 | ADMINISTRATION |  800 | EMP8  | 3000.00000
  20 | ADMINISTRATION | 1100 | EMP11 | 1100.00000
  20 | ADMINISTRATION | 1300 | EMP13 | 3000.00000
  30 | SALES          |  200 | EMP2  | 1600.00000
  30 | SALES          |  300 | EMP3  | 1250.00000
  30 | SALES          |  500 | EMP5  | 1250.00000
  30 | SALES          |  600 | EMP6  | 2850.00000
  30 | SALES          | 1000 | EMP10 | 1500.00000
  30 | SALES          | 1200 | EMP12 |  950.00000
(14 rows)

========
mysql - dbname = mysql_fdw_regress; src_pgsql = INSERT INTO f_numbers VALUES (1, 'One');
Converted SQL statement by this script: INSERT INTO `numbers` VALUES (1, 'One') ;

========
mysql - dbname = mysql_fdw_regress; src_pgsql = INSERT INTO f_numbers VALUES (2, 'Two');
Converted SQL statement by this script: INSERT INTO `numbers` VALUES (2, 'Two') ;

========
mysql - dbname = mysql_fdw_regress; src_pgsql = INSERT INTO f_numbers VALUES (3, 'Three');
Converted SQL statement by this script: INSERT INTO `numbers` VALUES (3, 'Three') ;

========
mysql - dbname = mysql_fdw_regress; src_pgsql = INSERT INTO f_numbers VALUES (4, 'Four');
Converted SQL statement by this script: INSERT INTO `numbers` VALUES (4, 'Four') ;

========
mysql - dbname = mysql_fdw_regress; src_pgsql = INSERT INTO f_numbers VALUES (5, 'Five');
Converted SQL statement by this script: INSERT INTO `numbers` VALUES (5, 'Five') ;

========
mysql - dbname = mysql_fdw_regress; src_pgsql = INSERT INTO f_numbers VALUES (6, 'Six');
Converted SQL statement by this script: INSERT INTO `numbers` VALUES (6, 'Six') ;

========
mysql - dbname = mysql_fdw_regress; src_pgsql = INSERT INTO f_numbers VALUES (7, 'Seven');
Converted SQL statement by this script: INSERT INTO `numbers` VALUES (7, 'Seven') ;

========
mysql - dbname = mysql_fdw_regress; src_pgsql = INSERT INTO f_numbers VALUES (8, 'Eight');
Converted SQL statement by this script: INSERT INTO `numbers` VALUES (8, 'Eight') ;

========
mysql - dbname = mysql_fdw_regress; src_pgsql = INSERT INTO f_numbers VALUES (9, 'Nine');
Converted SQL statement by this script: INSERT INTO `numbers` VALUES (9, 'Nine') ;

========
